Song Name,YouTube Link
Joost - Luchtballon,https://www.youtube.com/watch?v=ApfNFdZZtjE
Joost - Europapa,https://www.youtube.com/watch?v=gT2wY0DjYGo
Roxy Dekker - Sugardaddy,https://www.youtube.com/watch?v=AsWcssoECUE
Outsiders - Engelbewaarder (Outsiders Remix),https://www.youtube.com/watch?v=JYINumPkzQo
Eminem - Houdini,https://www.youtube.com/watch?v=22tVWwmTie8
Bankzitters - Huisfeestje (feat. Roxy Dekker),https://www.youtube.com/watch?v=w-7YKGPf7_U
Jaxomy - Pedro,https://www.youtube.com/watch?v=kKL20WFmVrw
Sabrina Carpenter - Please Please Please,https://www.youtube.com/watch?v=cF1Na4AIecM
Frenna - Pretty Girls,https://www.youtube.com/watch?v=zHHbRbrqDJY
Kleine John - Samen (Niet Alleen) (feat. DJ Dylvn),https://www.youtube.com/watch?v=Z9xDumolR6E
Sabrina Carpenter - Espresso,https://www.youtube.com/watch?v=eVli-tstM5E
Central Cee - BAND4BAND,https://www.youtube.com/watch?v=pDddlvCfTiw
Boer Harm - Brommers Kieken,https://www.youtube.com/watch?v=ZSP5To9AnZ0
Roxy Dekker - Satisfyer,https://www.youtube.com/watch?v=zhWMnQijR8I
JOB - Per Ongeluk Verliefd,https://www.youtube.com/watch?v=pDEIJsJpvKQ
FloyyMenor - Gata Only,https://www.youtube.com/watch?v=-r687V8yqKY
CYRIL - Stumblin' In,https://www.youtube.com/watch?v=57VMB1IzLKY
Benson Boone - Beautiful Things,https://www.youtube.com/watch?v=Oa_RSwwpPaA
Yves Berendse - Terug In De Tijd,https://www.youtube.com/watch?v=ERSCR2cuqAU
Artemas - i like the way you kiss me,https://www.youtube.com/watch?v=evJ6gX1lp2o
